{"$schema":"http://schema.management.azure.com/schemas/2015-01-01/deploymentTemplate.json#","contentVersion":"1.0.0.0","parameters":{"wwi-sample-dataset.zip r.george":{"type":"string"},"WWI_sales_LakeHouse":{"type":"string"}},"variables":{},"resources":[{"name":"WW1_ingestFomAzureStorage","type":"pipelines","apiVersion":"2018-06-01","properties":{"activities":[{"name":"Copy_4x0","type":"Copy","dependsOn":[],"policy":{"timeout":"0.12:00:00","retry":0,"retryIntervalInSeconds":30,"secureOutput":false,"secureInput":false},"typeProperties":{"source":{"type":"BinarySource","storeSettings":{"type":"HttpReadSettings","requestMethod":"GET"},"datasetSettings":{"annotations":[],"type":"Binary","typeProperties":{"location":{"type":"HttpServerLocation"},"compression":{"type":"ZipDeflate"}},"externalReferences":{"connection":"[parameters('wwi-sample-dataset.zip r.george')]"}}},"sink":{"type":"BinarySink","storeSettings":{"type":"LakehouseWriteSettings"},"datasetSettings":{"annotations":[],"linkedService":{"name":"WWI_sales_LakeHouse","properties":{"annotations":[],"type":"Lakehouse","typeProperties":{"workspaceId":"6adf2947-456b-4bb3-a307-c39f3cb0a368","artifactId":"[parameters('WWI_sales_LakeHouse')]","rootFolder":"Files"}}},"type":"Binary","typeProperties":{"location":{"type":"LakehouseLocation"}}}},"enableStaging":false}}],"lastModifiedByObjectId":"f23e9f27-7fd2-4766-a908-8df47508baad","lastPublishTime":"2025-07-05T07:58:53Z"},"dependsOn":[]}]}