{"$schema":"http://schema.management.azure.com/schemas/2015-01-01/deploymentTemplate.json#","contentVersion":"1.0.0.0","parameters":{"https://fabrictutorial_sampledata r.george":{"type":"string"},"WWI_DWH":{"type":"string"}},"variables":{},"resources":[{"name":"ingest_WWI_DWH_FromAzure","type":"pipelines","apiVersion":"2018-06-01","properties":{"activities":[{"name":"Copy_data","type":"Copy","dependsOn":[],"policy":{"timeout":"0.12:00:00","retry":0,"retryIntervalInSeconds":30,"secureOutput":false,"secureInput":false},"typeProperties":{"source":{"type":"ParquetSource","storeSettings":{"type":"AzureBlobStorageReadSettings","recursive":true,"enablePartitionDiscovery":false},"formatSettings":{"type":"ParquetReadSettings"},"datasetSettings":{"annotations":[],"type":"Parquet","typeProperties":{"location":{"type":"AzureBlobStorageLocation","fileName":"dimension_customer.parquet","folderPath":"WideWorldImportersDW/tables","container":"sampledata"},"compressionCodec":"snappy"},"schema":[],"externalReferences":{"connection":"[parameters('https://fabrictutorial_sampledata r.george')]"}}},"sink":{"type":"DataWarehouseSink","allowCopyCommand":true,"copyCommandSettings":{},"tableOption":"autoCreate","datasetSettings":{"annotations":[],"linkedService":{"name":"WWI_DWH","properties":{"annotations":[],"type":"DataWarehouse","typeProperties":{"endpoint":"bfc2xheid2cuvj3qksjt637th4-i4u562tliwzuxiyhyoptzmfdna.datawarehouse.fabric.microsoft.com","artifactId":"[parameters('WWI_DWH')]","workspaceId":"6adf2947-456b-4bb3-a307-c39f3cb0a368"}}},"type":"DataWarehouseTable","schema":[],"typeProperties":{"schema":"dbo","table":"dimension_customer"}}},"enableStaging":false,"translator":{"type":"TabularTranslator","mappings":[{"source":{"name":"CustomerKey","type":"Int64","physicalType":"INT64"},"sink":{"name":"CustomerKey","physicalType":"bigint"}},{"source":{"name":"WWICustomerID","type":"Int64","physicalType":"INT64"},"sink":{"name":"WWICustomerID","physicalType":"bigint"}},{"source":{"name":"Customer","type":"String","physicalType":"STRING"},"sink":{"name":"Customer","physicalType":"varchar","length":"8000"}},{"source":{"name":"BillToCustomer","type":"String","physicalType":"STRING"},"sink":{"name":"BillToCustomer","physicalType":"varchar","length":"8000"}},{"source":{"name":"Category","type":"String","physicalType":"STRING"},"sink":{"name":"Category","physicalType":"varchar","length":"8000"}},{"source":{"name":"BuyingGroup","type":"String","physicalType":"STRING"},"sink":{"name":"BuyingGroup","physicalType":"varchar","length":"8000"}},{"source":{"name":"PrimaryContact","type":"String","physicalType":"STRING"},"sink":{"name":"PrimaryContact","physicalType":"varchar","length":"8000"}},{"source":{"name":"PostalCode","type":"String","physicalType":"STRING"},"sink":{"name":"PostalCode","physicalType":"varchar","length":"8000"}},{"source":{"name":"ValidFrom","type":"DateTime","physicalType":"INT96"},"sink":{"name":"ValidFrom","physicalType":"datetime2","precision":6}},{"source":{"name":"ValidTo","type":"DateTime","physicalType":"INT96"},"sink":{"name":"ValidTo","physicalType":"datetime2","precision":6}},{"source":{"name":"LineageKey","type":"Int64","physicalType":"INT64"},"sink":{"name":"LineageKey","physicalType":"bigint"}}]}}}],"lastModifiedByObjectId":"f23e9f27-7fd2-4766-a908-8df47508baad","lastPublishTime":"2025-07-05T17:11:49Z"},"dependsOn":[]}]}